{
	"company_id" : 1,
	"domain_id" : 1,
	"questions" : [
		{
			"question_id" : 1,
			"question" : "Hi Traveller  Welcome to Golden Hotel & Resorts \n I am Chitra – ChatBot. \n Your Name Please??",
			"link" : "",
			"next_question_id" : [
				2
			],
			"answers" : [ ],
			"elimination" : [ ],
			"flow_end" : false,
			"input_type" : "string",
			"option_answers" : [ ],
			"is_db_provider" : false,
			"provider_details" : {
				
			}
		},
		{
			"question_id" : 2,
			"question" : "Hi traveller {1} Where do you like to travel ..This are our prime location where you can book your packages. \n Please select the location you want to travel.",
			"link" : "",
			"next_question_id" : [
				3
			],
			"option_answers" : [ ],
			"answers" : [ ],
			"elimination" : [ ],
			"flow_end" : false,
			"input_type" : "option",
			"is_db_provider" : true,
			"provider_details" : {
				"provider_name" : "golden",
				"method" : "GET",
				"url" : "http://192.168.250.16/IBEAPI/OTA/GetCityName?groupId=41",
				"headers" : {
					"Authorization" : "Basic ZWFzZXJvb206Y2hhdGJvdF9lYXNlcm9vbQ=="
				},
				"api_id" : 1
			}
		},
		{
			"question_id" : 3,
			"question" : "In Gangtok, these are the hotels we have.",
			"link" : "",
			"next_question_id" : [
				4
			],
			"option_answers" : [ ],
			"answers" : [ ],
			"flow_end" : false,
			"input_type" : "option",
			"is_db_provider" : true,
			"provider_details" : {
				"provider_name" : "golden",
				"method" : "POST",
				"url" : "http://192.168.250.16/IBEAPI/OTA/Hoteldetail",
				"headers" : {
					"Authorization" : "Basic ZWFzZXJvb206Y2hhdGJvdF9lYXNlcm9vbQ=="
				},
				"request" : {
					"GroupId" : "1",
					"CityName" : ""
				},
				"api_id" : 2
			}
		},
		{
			"question_id" : 4,
			"question" : "How many days..",
			"link" : "",
			"next_question_id" : [
				5
			],
			"option_answers" : [ ],
			"answers" : [ ],
			"flow_end" : false,
			"input_type" : "date",
			"is_db_provider" : false,
			"provider_details" : {
				
			}
		},
		{
			"question_id" : 5,
			"question" : "Rooms are unavilable on the selected dates. Please choose some others dates",
			"link" : "",
			"next_question_id" : [
				6,
				5
			],
			"option_answers" : [ ],
			"answers" : [
				{
					"mapped_question_id" : 6,
					"answer" : [
						true
					]
				},
				{
					"mapped_question_id" : 5,
					"answer" : [
						false
					]
				}
			],
			"flow_end" : false,
			"input_type" : "date",
			"is_db_provider" : true,
			"provider_details" : {
				"provider_name" : "golden",
				"method" : "POST",
				"url" : "http://192.168.250.16/IBEAPI/OTA/RoomSearch",
				"headers" : {
					"Authorization" : "Basic ZWFzZXJvb206Y2hhdGJvdF9lYXNlcm9vbQ=="
				},
				"request" : {
					"HotelCode" : "",
					"CheckinDate" : "",
					"CheckoutDate" : "",
					"NoofAdults" : "",
					"GroupId" : "1"
				},
				"api_id" : 3
			}
		},
		{
			"question_id" : 6,
			"question" : "Please conform number of Pax..",
			"link" : "",
			"next_question_id" : [
				7
			],
			"option_answers" : [ ],
			"answers" : [
				{
					"mapped_question_id" : 7,
					"answer" : [
						true
					]
				},
				{
					"mapped_question_id" : 5,
					"answer" : [
						false
					]
				}
			],
			"flow_end" : false,
			"input_type" : "number",
			"is_db_provider" : true,
			"provider_details" : {
				"provider_name" : "golden",
				"method" : "POST",
				"url" : "http://192.168.250.16/IBEAPI/OTA/RoomSearch",
				"headers" : {
					"Authorization" : "Basic ZWFzZXJvb206Y2hhdGJvdF9lYXNlcm9vbQ=="
				},
				"request" : {
					"HotelCode" : "",
					"CheckinDate" : "",
					"CheckoutDate" : "",
					"NoofAdults" : "",
					"GroupId" : "1"
				},
				"api_id" : 3
			}
		},
		{
			"question_id" : 7,
			"question" : "Ohh We are excited to offer the best package for your stay.. \n This is the best price we can offer for you {}  {}  \n Please conform the Contact number",
			"next_question_id" : [
				8
			],
			"option_answers" : [ ],
			"answers" : [ ],
			"link" : "",
			"flow_end" : false,
			"input_type" : "mobileno",
			"is_db_provider" : true,
			"provider_details" : {
				"provider_name" : "golden",
				"method" : "POST",
				"url" : "http://192.168.250.16/IBEAPI/OTA/RoomSearch",
				"headers" : {
					"Authorization" : "Basic ZWFzZXJvb206Y2hhdGJvdF9lYXNlcm9vbQ=="
				},
				"request" : {
					"HotelCode" : "",
					"CheckinDate" : "",
					"CheckoutDate" : "",
					"NoofAdults" : "",
					"GroupId" : "1"
				},
				"api_id" : 3
			}
		},
		{
			"question_id" : 8,
			"question" : "Please conform your Email id.",
			"link" : "",
			"next_question_id" : [
				9
			],
			"answers" : [ ],
			"elimination" : [ ],
			"flow_end" : false,
			"input_type" : "email",
			"option_answers" : [ ],
			"is_db_provider" : false,
			"provider_details" : {
				
			}
		},
		{
			"question_id" : 9,
			"question" : "Thank you for the details.. \n Please click the below link for Booking your stay..",
			"link" : "https://easeroom.com/hotelbookingnew/Home/LandingIbe?strSpecificHotelId={}&CheckIn={}&CheckOut={}~click",
			"next_question_id" : [
				0
			],
			"answers" : [ ],
			"elimination" : [ ],
			"flow_end" : true,
			"input_type" : "none",
			"option_answers" : [ ],
			"is_db_provider" : false,
			"provider_details" : {
				
			}
		}
	]
}
{
	"_id" : ObjectId("5e75bf6b29f2cfa012008304"),
	"company_id" : 2,
	"domain_id" : 1,
	"questions" : [
		{
			"question_id" : 1,
			"question" : "Hi Traveller  Welcome to Nk Grand Chennai \n I am Sara – ChatBot. \n Your Name Please??",
			"link" : "",
			"next_question_id" : [
				2
			],
			"answers" : [ ],
			"elimination" : [ ],
			"flow_end" : false,
			"input_type" : "string",
			"option_answers" : [ ],
			"is_db_provider" : false,
			"provider_details" : {
				
			}
		},
		{
			"question_id" : 2,
			"question" : "Hi Traveller {1} Please conform your Email id.",
			"link" : "",
			"next_question_id" : [
				3
			],
			"answers" : [ ],
			"elimination" : [ ],
			"flow_end" : false,
			"input_type" : "email",
			"option_answers" : [ ],
			"is_db_provider" : false,
			"provider_details" : {
				
			}
		},
		{
			"question_id" : 3,
			"question" : "Please conform your Contact number.",
			"link" : "",
			"next_question_id" : [
				4
			],
			"answers" : [ ],
			"elimination" : [ ],
			"flow_end" : false,
			"input_type" : "mobileno",
			"option_answers" : [ ],
			"is_db_provider" : false,
			"provider_details" : {
				
			}
		},
		{
			"question_id" : 4,
			"question" : "Please let me know your stay details..",
			"link" : "",
			"next_question_id" : [
				5
			],
			"option_answers" : [ ],
			"answers" : [ ],
			"flow_end" : false,
			"input_type" : "date",
			"is_db_provider" : false,
			"provider_details" : {
				
			}
		},
		{
			"question_id" : 5,
			"question" : "We are excited to offer the best price for your stay. \n  Please conform your Pax..",
			"link" : "",
			"next_question_id" : [
				6
			],
			"option_answers" : [ ],
			"answers" : [ ],
			"flow_end" : false,
			"input_type" : "number",
			"is_db_provider" : false,
			"provider_details" : {
				
			}
		},
		{
			"question_id" : 6,
			"question" : "This is the best price we can offer you.. {} per person including Breakfast.. \n Please click the below link for Booking your stay.. \n Thank you.. Have a nice stay.. ",
			"link" : "https://easeroom.com/hotelbookingnew/Home/LandingIbe?strSpecificHotelId={}&CheckIn={}&CheckOut={}~click",
			"next_question_id" : [
				0
			],
			"option_answers" : [ ],
			"answers" : [ ],
			"flow_end" : true,
			"input_type" : "none",
			"is_db_provider" : true,
			"provider_details" : {
				"provider_name" : "nk",
				"method" : "POST",
				"url" : "http://192.168.250.16/IBEAPI/OTA/RoomSearch",
				"headers" : {
					"Authorization" : "Basic ZWFzZXJvb206Y2hhdGJvdF9lYXNlcm9vbQ=="
				},
				"request" : {
					"HotelCode" : "1110",
					"CheckinDate" : "",
					"CheckoutDate" : "",
					"NoofAdults" : "",
					"GroupId" : "1"
				},
				"api_id" : 3
			}
		}
	]
}
