[
    {
       "question_id":"a1bb0672-0583-47e1-8272-4acc01459f67",
       "question":"Hi enter your name",
       "link":"",
       "next_question_id":"bc10d680-528b-484f-8ec5-957b8f541ee9",
       "option_answers":[
          
       ],
       "answers":[
          
       ],
       "flow_end":false,
       "input_type":"text",
       "is_db_provider":false,
       "provider_details":{
          
       },
       "index":0
    },
    {
       "question_id":"bc10d680-528b-484f-8ec5-957b8f541ee9",
       "question":"Welcome to our store, please select the mode of purchase",
       "link":"",
       "next_question_id":"",
       "option_answers":[
          "pickup",
          "delivery"
       ],
       "answers":[
          {
             "mapped_question_id":"61095eca-c85d-463b-ab3a-4d7a770a3a19",
             "answer":[
                "pickup"
             ]
          },
          {
             "mapped_question_id":"b23a9a8e-01b5-4149-a940-558ad19ca5f5",
             "answer":[
                "delivery"
             ]
          }
       ],
       "flow_end":false,
       "input_type":"radio",
       "is_db_provider":false,
       "provider_details":{
          
       },
       "index":1
    },
    {
       "question_id":"61095eca-c85d-463b-ab3a-4d7a770a3a19",
       "question":"enter the time slot for pickup",
       "link":"",
       "next_question_id":"",
       "option_answers":[
          "7:00",
          "7:15",
          "7:30"
       ],
       "answers":[
          {
             "mapped_question_id":"848c6db4-0f01-4fc9-b879-9c9b891b9d46",
             "answer":[
                "7:00"
             ]
          },
          {
             "mapped_question_id":"848c6db4-0f01-4fc9-b879-9c9b891b9d46",
             "answer":[
                "7:15"
             ]
          },
          {
             "mapped_question_id":"848c6db4-0f01-4fc9-b879-9c9b891b9d46",
             "answer":[
                "7:30"
             ]
          }
       ],
       "flow_end":false,
       "input_type":"radio",
       "is_db_provider":false,
       "provider_details":{
          
       },
       "index":2
    },
    {
       "question_id":"b23a9a8e-01b5-4149-a940-558ad19ca5f5",
       "question":"Enter the delivery address",
       "link":"",
       "next_question_id":"848c6db4-0f01-4fc9-b879-9c9b891b9d46",
       "option_answers":[
          
       ],
       "answers":[
          
       ],
       "flow_end":false,
       "input_type":"text",
       "is_db_provider":false,
       "provider_details":{
          
       },
       "index":3
    },
    {
       "question_id":"848c6db4-0f01-4fc9-b879-9c9b891b9d46",
       "question":"Please select the products for purchase",
       "link":"",
       "next_question_id":"",
       "option_answers":[
          "vegetables",
          "grocery",
          "meat"
       ],
       "answers":[
          {
             "mapped_question_id":"d65406b7-50d8-43c5-aade-1a198d5f67a9",
             "answer":[
                "vegetables"
             ]
          },
          {
             "mapped_question_id":"d65406b7-50d8-43c5-aade-1a198d5f67a9",
             "answer":[
                "grocery"
             ]
          },
          {
             "mapped_question_id":"d65406b7-50d8-43c5-aade-1a198d5f67a9",
             "answer":[
                "meat"
             ]
          }
       ],
       "flow_end":false,
       "input_type":"select",
       "is_db_provider":false,
       "provider_details":{
          
       },
       "index":4
    },
    {
       "question_id":"d65406b7-50d8-43c5-aade-1a198d5f67a9",
       "question":"Kindly select the mode of payment",
       "link":"",
       "next_question_id":"",
       "option_answers":[
          "card",
          "cash",
          "paytm"
       ],
       "answers":[
          {
             "mapped_question_id":"8b297c4b-87e4-4e48-8b4e-6605aeb19651",
             "answer":[
                "card"
             ]
          },
          {
             "mapped_question_id":"8b297c4b-87e4-4e48-8b4e-6605aeb19651",
             "answer":[
                "cash"
             ]
          },
          {
             "mapped_question_id":"8b297c4b-87e4-4e48-8b4e-6605aeb19651",
             "answer":[
                "paytm"
             ]
          }
       ],
       "flow_end":false,
       "input_type":"radio",
       "is_db_provider":false,
       "provider_details":{
          
       },
       "index":5
    },
    {
       "question_id":"8b297c4b-87e4-4e48-8b4e-6605aeb19651",
       "question":"Thanks for the purchase.Please visit our website for more options",
       "link":"www.baskt.com",
       "next_question_id":"",
       "option_answers":[
          
       ],
       "answers":[
          
       ],
       "flow_end":true,
       "input_type":"text",
       "is_db_provider":false,
       "provider_details":{
          
       },
       "index":6
    }
 ]